{"cameraMode":{"drawMode":0,"name":"Shaded","section":"Shading Mode"},"sceneLighting":true,"audioPlay":false,"sceneViewState":{"showFog":true,"showMaterialUpdate":false,"showSkybox":true,"showFlares":true,"showImageEffects":true,"showParticleSystems":true},"in2DMode":false,"pivot":{"x":10.692083358764649,"y":3.6275806427001955,"z":48.8978385925293},"rotation":{"x":-0.053980205208063129,"y":-0.7532336115837097,"z":0.06227348372340202,"w":-0.6526809334754944},"size":18.83476448059082,"orthographic":false}